step,total_steps,phase,tool_ms,update_ms,export_ms,metrics_ms,pipeline_ms,render_ms,faces,removed_mm3,completion_pct,degenerate_faces
1,138,面粗,3.0386999999336695,11.382400000002235,1.2239000000136002,5.833799999891198,21.483499999931155,0.0,40086,7.275957614183426e-12,8.593576602801032e-13,0
2,138,面粗,2.62750000001688,12.036799999805226,1.3096000000132335,6.457000000182234,22.437200000013036,0.0,40312,10.483011688651459,1.2381403074541582,0
3,138,面粗,2.582599999868762,12.261000000080458,1.1968000001161272,6.102900000087175,22.14870000011615,0.0,40312,10.483011688651459,1.2381403074541582,0
4,138,面粗,2.5250999999570922,11.35359999989305,1.2928000001011242,5.940299999792842,21.11730000001444,0.0,40312,10.483011688651459,1.2381403074541582,0
5,138,面粗,2.213900000015201,10.828100000026097,1.4032999999926687,6.077000000004773,20.528600000034203,0.0,40348,10.993577543435094,1.2984428410382571,0
6,138,面粗,2.5682999998934974,12.617000000091139,1.3333000001694018,6.228599999985818,22.752300000092873,0.0,40572,19.680468140970333,2.324444691908703,4
7,138,面粗,2.659499999936088,12.217400000054113,1.331400000026406,6.526399999984278,22.740699999985736,0.0,40824,27.32768141222914,3.227651067333618,8
8,138,面粗,2.1535999999287014,11.593299999958617,1.0088999999879888,5.763799999840558,20.524199999954362,0.0,40828,27.366467147119693,3.232232020131201,8
9,138,面粗,2.379000000019005,11.594199999990451,1.4484000000720698,6.292100000109713,21.71849999990627,0.0,40904,28.311252336075995,3.3438198594921786,8
10,138,面粗,2.704400000084206,12.615800000048694,1.3974000000871456,6.0336999999890395,22.756400000162103,396.9360000000961,41046,31.912717343642726,3.7691860733428553,8
11,138,面粗,2.2989999999936117,11.71159999989868,1.356900000018868,5.767099999957281,21.141299999953844,0.0,41046,31.91294318564178,3.76921274736464,8
12,138,面粗,2.098100000011982,10.223900000028152,1.289199999973789,6.385099999988597,20.003099999939877,0.0,41076,31.915170848573325,3.769475854890309,8
13,138,面粗,2.452700000048935,12.889999999970314,1.3245000000097207,6.193199999870558,22.866099999873768,0.0,41296,38.52681723628484,4.550372236043957,10
14,138,面粗,2.555199999960678,12.060100000098828,1.426499999979569,6.736700000146811,22.78400000000147,0.0,41626,44.780912437105144,5.289038526302319,18
15,138,面粗,2.0243999999820517,11.267699999962133,1.418899999862333,6.186400000160575,20.902700000078767,0.0,41626,44.780912437105144,5.289038526302319,18
16,138,面粗,2.2283999999217485,10.820499999908861,1.2815000000045984,6.22960000009698,20.56470000002264,0.0,41626,44.780912437105144,5.289038526302319,18
17,138,面粗,2.404500000011467,12.262599999985468,1.4314000000013039,6.312799999932395,22.41720000006353,0.0,41784,48.92989293739811,5.779071366560925,18
18,138,面粗,2.4743999999827793,12.14679999998225,1.428299999815863,6.60979999997835,22.665200000119512,0.0,41946,53.80422457041277,6.3547748615086315,20
19,138,面粗,2.1581000000878703,11.67129999998906,1.4386000000286003,6.865800000014133,22.139800000104515,0.0,41946,53.80422457041277,6.3547748615086315,20
20,138,面粗,1.9518999999945663,11.384099999986574,0.8060999998633633,5.738999999948646,19.886399999904825,367.00710000013714,41946,53.80422457041277,6.3547748615086315,20
21,138,面粗,3.022299999884126,14.0168000000358,1.466100000016013,7.005000000162909,25.517699999909382,0.0,42196,60.1221355666421,7.100978385426067,16
22,138,面粗,2.7046999998674437,12.794299999995928,0.9093999999549851,6.340200000067853,22.75469999995039,0.0,42468,66.0437330280256,7.800373627863339,20
23,138,面粗,2.0787000000836997,10.641599999871687,0.8196999999654508,7.063400000106412,20.609599999943384,0.0,42468,66.0437330280256,7.800373627863339,20
24,138,面粗,2.0879999999579013,10.73269999983495,1.5407999999297317,6.349900000031994,20.71750000004613,0.0,42468,66.0437330280256,7.800373627863339,20
25,138,面粗,2.5038999999651423,12.128299999858427,0.9939999999915017,7.092000000056942,22.723899999846253,0.0,42676,71.24340959692927,8.414503358602268,26
26,138,面粗,2.36599999993814,11.66760000000977,1.0526999999456166,6.598600000188526,21.68959999994513,0.0,42846,75.95386975709698,8.97085212212357,32
27,138,面粗,2.139100000022154,10.377300000072864,0.7418000000143365,6.036400000084541,19.30040000002009,0.0,42846,75.95386975709698,8.97085212212357,32
28,138,面粗,2.1303000000898464,9.884100000135732,0.8166999998593383,6.376100000125007,19.212900000184163,0.0,42846,75.95386975709698,8.97085212212357,32
29,138,面粗,2.4650000000292493,11.793800000077681,1.15589999995791,6.5494000000398955,21.96989999993093,0.0,43100,81.0678101142912,9.574855615987195,42
30,138,面粗,2.5450000000546424,11.805399999957444,1.0350000000016735,6.526600000142935,21.91779999998289,469.58249999988766,43228,85.07713875757327,10.04839428469363,46
31,138,面粗,2.5654999999460415,11.301500000172382,1.36579999980313,5.914699999948425,21.153099999992264,0.0,43228,85.07713875757327,10.04839428469363,46
32,138,面粗,2.760999999964042,11.099800000010873,1.2501999999585678,6.053999999949156,21.171999999978652,0.0,43228,85.07713875757327,10.04839428469363,46
33,138,面粗,2.6828999998542713,13.282399999980044,1.4231000000108907,6.307699999979377,23.701500000015585,0.0,43352,89.73668282011204,10.598729387766486,48
34,138,面粗,2.5932000000921107,13.23339999999007,1.5429999998559651,6.993499999907726,24.369399999841335,0.0,43528,94.96945968102227,11.216768568092904,50
35,138,面粗,2.1123999999872467,11.504999999942811,0.9924000000864908,7.71719999988818,22.332499999947686,0.0,43528,94.96945968102227,11.216768568092904,50
36,138,面粗,2.4946000000909407,11.235100000021703,0.9806000000480708,6.626799999821742,21.342699999877368,0.0,43528,94.96945968102227,11.216768568092904,50
37,138,面粗,2.4918999999954394,13.013699999874007,1.4460999998391344,7.056399999783025,24.014299999862487,0.0,43736,98.2193897730831,11.600615268153804,54
38,138,面粗,2.6023000000350294,12.998500000094282,1.03039999999055,6.824800000003961,23.46180000017739,0.0,43846,100.55434635657002,11.876395163095667,54
39,138,面粗,2.214399999957095,11.335499999859167,1.4737999999852036,6.795200000169643,21.823799999992843,0.0,43846,100.55434635657002,11.876395163095667,54
40,138,面粗,2.0402999998623272,12.434700000085286,5.777099999932034,6.5935000000081345,26.851000000078784,372.43549999993775,43846,100.55434635657002,11.876395163095667,54
41,138,面粗,3.009600000041246,11.330600000064805,1.0307999998531159,6.459599999971033,21.836500000063097,0.0,44002,106.4874828323882,12.577153269498387,54
42,138,面粗,2.472899999929723,10.977000000139014,1.0973000000831235,6.177700000080222,20.73100000006889,0.0,44162,112.13325394418644,13.243970877623838,56
43,138,面粗,2.0462999998471787,11.550700000043435,1.380500000095708,9.181599999919854,24.166500000092128,0.0,44162,112.13325394418644,13.243970877623838,56
44,138,面粗,2.030099999956292,11.650400000007721,1.080700000102297,6.408200000123543,21.17610000004788,0.0,44162,112.13325394418644,13.243970877623838,56
45,138,面粗,2.591599999959726,10.80380000007608,0.9684999999990396,6.3409000001684035,20.710900000040056,0.0,44264,113.08607248686894,13.356507530107212,56
46,138,面粗,2.380500000072061,10.572799999863491,1.1162000000695116,6.472700000131226,20.547800000031202,0.0,44286,113.14782023455336,13.363800508267806,56
47,138,面粗,2.031699999861303,10.45879999992394,0.9867999999642052,7.001500000114902,20.484699999997247,0.0,44286,113.14782023455336,13.363800508267806,56
48,138,面粗,2.6147999999466265,11.790199999950346,1.0990000000674627,6.254599999920174,21.76570000005995,0.0,44402,118.06329258564074,13.944363101233936,58
49,138,面粗,2.444599999989805,11.732700000038676,1.1323999999603984,6.2567999998464074,21.571100000073784,0.0,44534,121.82345086449641,14.388472453177009,62
50,138,面粗,2.005399999916335,11.398700000199824,1.4243999999052903,6.429199999956836,21.263500000031854,366.9305999999324,44534,121.82345086449641,14.388472453177009,62
51,138,面粗,2.793300000121235,11.126200000035169,1.2387000001581328,6.290199999966717,21.45480000012867,0.0,44534,121.82345086449641,14.388472453177009,62
52,138,面粗,2.6533000000199536,10.039099999858081,1.0140000001683802,6.07350000018414,19.78430000008302,0.0,44534,121.82345086449641,14.388472453177009,62
53,138,面粗,2.440900000010515,11.294899999938934,1.1309999999866704,6.3928000001851615,21.266200000127355,0.0,44602,123.07527052090154,14.53632389322992,64
54,138,面粗,2.697500000067521,10.520099999894228,1.0223000001587934,7.138300000178788,21.383600000035585,487.06339999989723,44602,123.07527052090154,14.53632389322992,64
55,138,面精,4.300199999988763,12.759700000060548,1.4845000000605069,6.208999999898879,24.760600000035993,365.80549999985124,44602,123.07527052090154,14.53632389322992,64
56,138,面精,3.0200999999578926,14.117199999873264,1.3836999999057298,6.187899999986257,24.715599999808546,0.0,44908,133.53548063245398,15.771771124255443,68
57,138,面精,2.77419999997619,11.496600000100443,1.0537000000567787,6.760400000075606,22.091900000077658,0.0,44906,133.55765710579726,15.77439037016864,68
58,138,面精,2.389700000094308,10.797200000070006,0.9936999999808904,6.185799999911978,20.373699999936434,0.0,44968,136.96265963991027,16.17655255501413,68
59,138,面精,1.9305000000713335,10.73780000001534,0.9786000000531203,6.30940000019109,19.96229999986099,0.0,44940,141.7985556907879,16.74771645343197,68
60,138,面精,2.3959000000104425,11.911700000155179,1.0340999999698397,6.27159999999094,21.62029999999504,372.1984999999677,45250,148.89786385327898,17.586210185203175,78
61,138,面精,3.4519999999247375,14.9192999999741,1.4000000001033186,6.373800000119445,26.150499999857857,0.0,45556,157.6426275244812,18.619047379518,86
62,138,面精,2.0994000001337554,11.732100000017454,1.0561999999936234,6.8891000000803615,21.783000000141328,0.0,45554,161.6219621756827,19.08904348129049,86
63,138,面精,2.529800000047544,12.08889999998064,1.132800000050338,6.57350000005863,22.33110000020133,0.0,45538,168.76524668309867,19.93273122474871,86
64,138,面精,2.412400000139314,12.48329999998532,1.1148999999477383,6.738999999924999,22.75459999987106,0.0,45740,176.14703191948502,20.804588102675716,90
65,138,面精,2.0868999999947846,11.490600000115592,1.1058000000048196,7.4707999999645835,22.160700000085853,0.0,45744,177.8329165028117,21.0037066115859,90
66,138,面精,2.2034000000985543,12.206900000137466,1.1265000000548753,7.14679999987311,22.68950000006953,0.0,45760,180.30143768675043,21.295261716971094,90
67,138,面精,2.4373999999625084,13.72140000012223,1.157699999794204,6.945900000118854,24.268500000061977,0.0,45926,186.14264048676705,21.985161608864185,74
68,138,面精,2.6565999999093037,14.909399999851303,1.140099999929589,7.041900000103851,25.753899999926944,0.0,46338,192.48840523661056,22.73465491782507,86
69,138,面精,2.0653999999922235,13.502799999969284,1.3420000000223808,7.034599999997226,23.951099999976577,0.0,46340,193.063302158851,22.8025555434466,88
70,138,面精,2.0331000000624044,12.701899999910893,1.1114999999790598,7.5851999999940745,23.437400000148045,496.11060000006546,46364,194.30650391904783,22.949389130521965,88
71,138,面精,2.8696000001673383,15.182200000026569,1.4605999999730557,6.75760000012815,26.275400000031368,0.0,46512,200.30475878595462,23.657838319140176,92
72,138,面精,2.4467999999160384,12.896100000034494,1.0787999999593012,6.871499999988373,23.29860000008921,0.0,46688,206.99287253355578,24.44776620033369,98
73,138,面精,1.956100000143124,12.510900000052061,1.6476000000693602,6.56499999990956,22.685100000217062,0.0,46686,207.13539643502736,24.464599586809697,98
74,138,面精,2.1317000000635744,11.321899999984453,1.0775000000649015,6.4433999998527725,20.979900000156704,0.0,46748,207.56638241032488,24.51550300309998,98
75,138,面精,2.4862000000211992,14.18069999999716,1.5232999999170715,6.6415999999662745,24.838000000045213,0.0,46954,213.55819016935857,25.223190728852245,92
76,138,面精,2.4699999999029387,14.183199999934004,1.2070999998741172,7.039000000077067,24.905600000010963,0.0,47264,219.92384089886764,25.97503275531039,100
77,138,面精,2.052099999900747,11.768899999879068,1.20399999991605,6.618600000138031,21.650700000009238,0.0,47268,220.1026458053966,25.99615126290337,100
78,138,面精,1.9520999999258493,10.77620000000934,1.1007999999037565,7.221800000024814,21.056699999917328,0.0,47304,220.7531656649735,26.07298365447778,100
79,138,面精,2.517800000077841,12.778900000057547,1.0881999999128311,6.849600000123246,23.240499999928943,0.0,47562,226.89209761268285,26.798048103027945,106
80,138,面精,6.470499999977619,14.606899999989764,1.712400000087655,6.820999999945343,29.61789999994835,388.71539999991,47888,233.58054757932405,27.58801569478918,106
81,138,面精,2.2624000000632805,11.88559999991412,1.119799999969473,6.876700000020719,22.1507000001111,0.0,47880,233.75017288137315,27.608050006480205,106
82,138,面精,2.100400000017544,11.310099999946033,1.442499999939173,6.61879999984194,21.478099999967526,0.0,47924,234.71624334961234,27.72215183352128,106
83,138,面精,2.5030000001606822,13.421500000049491,1.1230000000068685,7.2998000000552565,24.35349999996106,0.0,48146,240.69568302640255,28.428378774757952,118
84,138,面精,2.6389000001927343,14.124399999900561,1.1704000000918313,6.962000000157786,24.90130000001045,0.0,48428,247.45518495482975,29.226738258126655,118
85,138,面精,2.1449000000757223,11.298299999907613,1.1513000001741602,6.735500000104366,21.335800000088057,0.0,48426,248.39234646711702,29.337425671001878,118
86,138,面精,2.099300000054427,11.500699999942299,1.1485999998512852,6.726399999934074,21.48170000009486,0.0,48480,249.31181064360862,29.44602286539467,118
87,138,面精,2.705999999989217,12.935799999922892,1.1561999999685213,7.3958000000402535,24.19999999983702,0.0,48628,255.38388018817932,30.163190247830823,122
88,138,面精,2.576300000100673,14.057800000045972,1.1807999999291496,7.501299999830735,25.321500000018204,0.0,48918,262.45378651478677,30.99821135177313,124
89,138,面精,2.122099999951388,12.87310000020625,1.1656000001494249,6.991699999844059,23.15920000000915,0.0,48932,263.5174695569949,31.123842123542573,124
90,138,面精,1.9546999999420223,13.562999999976455,1.3024999998378917,7.312299999966854,24.138100000072882,404.1905999999926,48950,266.07559604202106,31.425980440921897,124
91,138,面精,2.9466999999385735,14.981700000134879,1.2930999998843618,7.158499999832202,26.38539999998102,0.0,49202,271.8901453451617,32.112732309155675,122
92,138,面精,2.5121999999555555,14.180600000145205,1.3746999998147658,8.294199999909324,26.367100000015853,0.0,49374,278.4511767437434,32.887650593550084,124
93,138,面精,2.0209000001614186,12.689200000068013,1.286100000015722,7.621099999823855,23.62259999995331,0.0,49376,280.5070083827304,33.130463259715945,124
94,138,面精,2.1555000000716973,13.554999999996653,1.38150000020687,7.514399999990928,24.61330000005546,0.0,49394,283.88439769040997,33.52936406799509,124
95,138,面精,2.615399999967849,14.21570000002248,1.5313000001242472,8.138700000017707,26.509000000032756,0.0,49614,289.4182860221699,34.18296728851994,138
96,138,面精,2.632599999969898,14.820100000179082,1.2739999999666907,8.280499999955282,27.01400000000831,0.0,49808,296.3612166011735,35.00299138627292,140
97,138,面精,2.0966000001862994,13.575700000046709,1.2684000000717788,8.088999999927182,25.03540000020621,0.0,49812,299.0719492003991,35.32315389238407,142
98,138,面精,2.103999999917505,13.887999999951717,1.3301999999839609,7.97189999980219,25.300600000036866,0.0,49822,301.99641943062306,35.66856078283998,142
99,138,面精,2.4430999999367486,14.441300000044066,1.2616999999863765,7.843699999966702,25.996399999939968,0.0,49942,306.50523546503973,36.20109351645797,144
100,138,面精,2.479499999935797,13.25659999997697,1.249800000096002,7.6008000000911125,24.592099999836137,517.6833000000443,50124,311.17612611709774,36.75276875634009,144
101,138,面精,2.7130000000852306,13.571400000046197,1.2193000000024767,6.857599999875674,24.367499999925712,0.0,50128,316.039657874775,37.32719668646274,144
102,138,面精,2.6746999999431864,13.081099999908474,1.234899999872141,6.938800000170886,23.935599999958868,0.0,50326,322.1883329013581,38.053411882434595,150
103,138,面精,2.470499999844833,13.104899999916597,1.3886000001548382,7.479699999976219,24.48899999990317,0.0,50538,329.33616195341165,38.897636378503805,152
104,138,面精,2.395799999931114,11.785100000224702,1.4572999998563319,7.469700000001467,23.11510000004091,0.0,50528,333.2593381244951,39.36099964613429,152
105,138,面精,2.7278000000023894,12.252600000010716,1.3249000000996602,7.274399999914749,23.58500000013919,0.0,50536,335.63264919098583,39.641309559050846,152
106,138,面精,2.5129000000561064,12.36960000005638,1.4327999999750318,7.176200000003519,23.498799999970288,0.0,50580,338.8583086480139,40.02228967340011,152
107,138,面精,2.7947999999469175,13.110200000028271,1.3828999999532243,6.981699999869306,24.27639999996245,0.0,50650,343.3018171627118,40.5471089869681,154
108,138,面精,2.11370000010902,11.144700000158991,1.2148000000706816,7.121599999891259,21.59950000009303,415.9819999999854,50692,343.4832891242622,40.56854249834266,154
109,138,台粗,3.3934999999019055,13.261999999940599,1.3225000000147702,7.413600000063525,25.398399999858157,516.3253000000623,51206,395.09400904439826,46.664244242052916,152
110,138,台粗,3.3617000001413544,16.45409999991898,1.763600000003862,7.4076000000786735,28.992699999889737,405.6804999997894,51920,457.8930797488865,54.081393341873564,156
111,138,台粗,3.540200000088589,14.53639999999723,1.2661999999181717,7.283599999936996,26.632500000005166,0.0,52622,492.9573355377579,58.22280515486271,174
112,138,台粗,2.7300000001559965,13.558299999886003,1.2879000000793894,7.294499999943582,24.876899999981106,0.0,53252,534.6687741185087,63.14931052589409,182
113,138,台粗,2.6957000000038533,15.594299999975192,2.17689999999493,8.035800000016025,28.509499999927357,0.0,53738,559.0624289389161,66.03042600838145,186
114,138,台粗,2.659100000073522,16.64019999998345,1.5086999999311956,8.473099999946498,29.286700000056953,0.0,54388,589.4587119816133,69.62050721306912,194
115,138,台粗,2.2238999999899534,13.93410000014228,1.4696999999159743,8.319799999981115,25.953800000024785,0.0,54380,606.7655761395581,71.66460739591855,194
116,138,台粗,3.9139000000432134,15.55129999997007,1.5065000000049622,8.664200000112032,29.643000000078246,0.0,54888,619.3681572076603,73.15308838418912,212
117,138,台粗,2.8288000000884495,17.56240000008802,1.8267000000378175,8.105399999976726,30.329500000107146,0.0,55584,653.3544535939945,77.16718325566183,220
118,138,台粗,2.8173999999125954,18.44570000002932,1.9225999999434862,8.283399999982066,31.475000000000364,0.0,56134,669.5445036277233,79.0793773962216,232
119,138,台粗,3.202999999984968,17.120499999919048,1.6286000000036438,8.69949999992059,30.66179999996166,0.0,57036,691.0437370846339,81.61863503638858,244
120,138,台粗,2.8330000000096334,17.728400000123656,1.6970000001492735,9.178700000120443,31.444599999986167,555.0859999998465,57962,696.7855785270294,82.29679943608461,262
121,138,台粗,3.3066999999391555,18.27980000007301,1.748300000144809,8.633099999997285,31.975399999964793,440.01040000011926,58830,698.6551163991171,82.51760909121928,274
122,138,台精,3.6493000000064058,18.33929999997963,1.6069999999217544,8.726300000034826,32.327699999996184,470.7058000001325,59432,703.1811055475628,83.05217012789704,284
123,138,台精,3.183199999966746,20.659799999975803,1.627899999903093,8.753499999784253,34.23239999983707,0.0,60422,711.2716377783945,84.0077365587343,297
124,138,台精,3.1376000001728244,19.37550000002375,1.7361000000164495,9.61419999998725,33.8701000000583,0.0,61444,717.1198462108805,84.69846388039633,319
125,138,台精,2.9047000000446133,20.56729999981144,1.6031999998631363,9.957799999938288,35.03990000012891,0.0,62080,723.5689259139908,85.46015963764228,317
126,138,台精,2.7397999999720923,20.040199999812103,1.7735000001266599,11.014700000032462,35.57560000012927,0.0,62810,728.2437797240564,86.01230296301544,325
127,138,台精,2.614700000094672,23.28029999989667,1.7113999999764928,10.054200000013225,37.666799999897194,0.0,63530,733.0983636289238,86.58567406924453,323
128,138,台精,2.4118000001180917,18.572100000028513,1.9293000000288885,10.082100000090577,33.00209999997605,0.0,63532,736.0233672562754,86.93114395881778,323
129,138,台精,2.676999999948748,21.881600000142498,2.0311999999194086,11.1640999998599,37.759899999855406,0.0,64212,739.1037621561409,87.29496698999199,329
130,138,台精,2.8211999999712134,23.436800000126823,1.804200000151468,10.40910000006079,38.47799999994095,625.0380000001314,64940,745.0324816524662,87.99520341040315,357
131,138,台精,3.341899999895759,21.945199999890974,2.0205999999234336,9.0800999998919,36.40620000010131,0.0,65520,749.187023931634,88.48589314801251,359
132,138,台精,3.0484000001251843,20.494700000199373,2.062399999886111,10.08100000012746,35.69359999983135,0.0,66698,755.0357848045533,89.17668571798184,371
133,138,台精,3.0848000001242326,23.509000000103697,2.7156000001014036,10.004600000002029,39.320399999951405,0.0,67470,758.7462428222425,89.61492501096964,369
134,138,台精,2.7812999999241583,20.58260000012524,2.0016999999370455,10.085900000149195,35.458000000062384,524.0750000000389,68304,760.4020038623858,89.8104856517665,377
135,138,柱钻,5.249599999842758,18.26929999992899,1.9719000001714448,10.304199999836783,35.801799999944706,615.5138999999963,68304,760.4020038623858,89.8104856517665,377
136,138,柱钻,5.031700000017736,17.61650000003101,1.9394000000829692,10.59450000002471,35.18830000007256,0.0,68928,766.4818240106033,90.52856845193443,387
137,138,柱钻,4.126699999915218,19.12270000002536,2.0190999998703774,10.518399999909889,35.79259999992246,0.0,69930,793.8535501632796,93.76142160909669,385
138,138,柱钻,3.9572999999109015,22.291200000154276,1.9724999999652937,10.550499999908425,38.77620000002935,608.3599000000959,71482,816.4247039015827,96.42728291490744,465
